id;name;address;contact;email
1;withdrawal;b enterprise Down-sized;ÃŽle-de-France;"!<6pr@ni.-."
2;Wooden;Rubber Metal homogeneous;Sainte-Lucie;"w!y@4X(G).Rh<So"
3;utilize core PCI;a;optimize;"M)@yT|Z).d"
4;c;a function open-source;Metal relationships;"2sYxN$@I|C0ea.[X"
5;uniform;Ergonomic Lorraine silver;1080p;"~xE#%@p,+(Q.|H75"
7;European olive Stagiaire;Pataca Operative;tolerance;"m1>Z@:b*k.w6TE"
8;multimedia;transmitting RSS protocol;multi-byte;"jb}p^f@Kh5]lD.1qck"
9;real-time Intelligent Jewelery;transmitting;deposit;"3]y^4@=94I.Ei^Xb"
10;Account Fish Augustins;b;24/7 Cambridgeshire b;"c@X.u-U"
